{
    "banana" : {
        "identifier" : "banana",
        "localizedFoodItemNames" : {
            "en" : "Banana",
            "de" : "Banane",
            "pt" : "Banana"
        },
        "referenceMass" : "100 g",
        "density" : "225 g per 1 cup",
        "totalSaturatedFat" : "0.252 g",
        "totalMonounsaturatedFat" : "0.072 g",
        "totalPolyunsaturatedFat" : "0.164 g",
        "cholesterol" : "0 g",
        "sodium" : "2.25 mg",
        "totalCarbohydrates" : "51.4 g",
        "dietaryFiber" : "5.85 g",
        "sugar" : "27.5 g",
        "protein" : "2.45 g",
        "calcium" : "11.2 mg",
        "potassium" : "806 mg",
        "vitaminA" : "0.086 mg",
        "vitaminC" : "19.6 mg",
        "iron" : "0.585 mg"
    },
    "blueberry" : {
        "identifier" : "blueberry",
        "localizedFoodItemNames" : {
            "en" : "Blueberry",
            "de" : "Blaubeere",
            "pt" : "Mirtilo"
        },
        "referenceMass" : "100 g",
        "density" : "148 g per 1 cup",
        "totalSaturatedFat" : "0.252 g",
        "totalMonounsaturatedFat" : "0.072 g",
        "totalPolyunsaturatedFat" : "0.164 g",
        "cholesterol" : "0 g",
        "sodium" : "2.25 mg",
        "totalCarbohydrates" : "51.4 g",
        "dietaryFiber" : "5.85 g",
        "sugar" : "27.5 g",
        "protein" : "2.45 g",
        "calcium" : "11.2 mg",
        "potassium" : "806 mg",
        "vitaminA" : "0.086 mg",
        "vitaminC" : "19.6 mg",
        "iron" : "0.585 mg"
    },
    "watermelon" : {
        "identifier" : "watermelon",
        "localizedFoodItemNames" : {
            "en" : "Watermelon",
            "de" : "Wassermelone",
            "pt" : "Melancia"
        },
        "referenceMass" : "122 g",
        "density" : "154 g per 1 cup",
        "totalSaturatedFat" : "0 g",
        "totalMonounsaturatedFat" : "0 g",
        "totalPolyunsaturatedFat" : "0 g",
        "cholesterol" : "0 g",
        "sodium" : "1 mg",
        "totalCarbohydrates" : "9 g",
        "dietaryFiber" : "0.5 g",
        "sugar" : "8 g",
        "protein" : "0.7 g",
        "calcium" : "0 mg",
        "potassium" : "137 mg",
        "vitaminA" : "0.41 mg",
        "vitaminC" : "9.8 mg",
        "iron" : "0.29 mg"
    },
    "mango" : {
        "identifier" : "mango",
        "localizedFoodItemNames" : {
            "en" : "Mango",
            "de" : "Mango",
            "pt" : "Manga"
        },
        "referenceMass" : "165 g",
        "density" : "165 g per 1 cup",
        "totalSaturatedFat" : "0.2 g",
        "totalMonounsaturatedFat" : "0.2 g",
        "totalPolyunsaturatedFat" : "0.1 g",
        "cholesterol" : "0 g",
        "sodium" : "2 mg",
        "totalCarbohydrates" : "25 g",
        "dietaryFiber" : "2.6 g",
        "sugar" : "23 g",
        "protein" : "1.4 g",
        "calcium" : "18.15 mg",
        "potassium" : "227 mg",
        "vitaminA" : "1.07 mg",
        "vitaminC" : "60 mg",
        "iron" : "0.26 mg"
    },
    "kiwi" : {
        "identifier" : "kiwi",
        "localizedFoodItemNames" : {
            "en" : "Kiwi",
            "de" : "Kiwi",
            "pt" : "Kiwi"
        },
        "referenceMass" : "180 g",
        "density" : "180 g per 1 cup",
        "totalSaturatedFat" : "0.1 g",
        "totalMonounsaturatedFat" : "0.1 g",
        "totalPolyunsaturatedFat" : "0.5 g",
        "cholesterol" : "0 g",
        "sodium" : "5 mg",
        "totalCarbohydrates" : "26 g",
        "dietaryFiber" : "5 g",
        "sugar" : "16 g",
        "protein" : "1.4 g",
        "calcium" : "60.2 mg",
        "potassium" : "562 mg",
        "vitaminA" : "0.0014 mg",
        "vitaminC" : "164 mg",
        "iron" : "0.549 mg"
    },
    "coconut" : {
        "identifier" : "coconut",
        "localizedFoodItemNames" : {
            "en" : "Coconut",
            "de" : "Kokosnuss",
            "pt" : "Coco"
        },
        "referenceMass" : "80 g",
        "density" : "80 g per 1 cup",
        "totalSaturatedFat" : "23.8 g",
        "totalMonounsaturatedFat" : "1.14 g",
        "totalPolyunsaturatedFat" : "0.293 g",
        "cholesterol" : "0 g",
        "sodium" : "16 mg",
        "totalCarbohydrates" : "12.2 g",
        "dietaryFiber" : "7.2 g",
        "sugar" : "4.98 g",
        "protein" : "2.66 g",
        "calcium" : "11.2 mg",
        "potassium" : "285 mg",
        "vitaminA" : "0 mg",
        "vitaminC" : "2.64 mg",
        "iron" : "1.94 mg"
    },
    "peanut-butter" : {
        "identifier" : "peanut-butter",
        "localizedFoodItemNames" : {
            "en" : "Peanut Butter",
            "de" : "Erdnusbutter",
            "pt" : "Manteiga de Amendoim"
        },
        "referenceMass" : "258 g",
        "density" : "258 g per 1 cup",
        "totalSaturatedFat" : "27 g",
        "totalMonounsaturatedFat" : "61 g",
        "totalPolyunsaturatedFat" : "36 g",
        "cholesterol" : "0 g",
        "sodium" : "44 mg",
        "totalCarbohydrates" : "50 g",
        "dietaryFiber" : "15 g",
        "sugar" : "24 g",
        "protein" : "65 g",
        "calcium" : "146 mg",
        "potassium" : "285 mg",
        "vitaminA" : "0 mg",
        "vitaminC" : "0 mg",
        "iron" : "5.18 mg"
    },
    "chocolate" : {
        "identifier" : "chocolate",
        "localizedFoodItemNames" : {
            "en" : "Chocolate",
            "de" : "Schokolade",
            "pt" : "Chocolate"
        },
        "referenceMass" : "240 g",
        "density" : "43 g per 0.33 cup",
        "totalSaturatedFat" : "64 g",
        "totalMonounsaturatedFat" : "0 g",
        "totalPolyunsaturatedFat" : "0 g",
        "cholesterol" : "0 g",
        "sodium" : "0 mg",
        "totalCarbohydrates" : "104 g",
        "dietaryFiber" : "0 g",
        "sugar" : "64 g",
        "protein" : "16 g",
        "calcium" : "0 mg",
        "potassium" : "285 mg",
        "vitaminA" : "16.68 mg",
        "vitaminC" : "0 mg",
        "iron" : "6 mg"
    },
    "pineapple" : {
        "identifier" : "pineapple",
        "localizedFoodItemNames" : {
            "en" : "Pineapple",
            "de" : "Ananas",
            "pt" : "Abacaxi"
        },
        "referenceMass" : "165 g",
        "density" : "165 g per 1 cup",
        "totalSaturatedFat" : "0 g",
        "totalMonounsaturatedFat" : "0 g",
        "totalPolyunsaturatedFat" : "0.1 g",
        "cholesterol" : "0 g",
        "sodium" : "2 mg",
        "totalCarbohydrates" : "22 g",
        "dietaryFiber" : "2.3 g",
        "sugar" : "16 g",
        "protein" : "0.9 g",
        "calcium" : "21.4 mg",
        "potassium" : "285 mg",
        "vitaminA" : "0.051 mg",
        "vitaminC" : "27.9 mg",
        "iron" : "0.412 mg"
    },
    "strawberry" : {
        "identifier" : "strawberry",
        "localizedFoodItemNames" : {
            "en" : "Strawberry",
            "de" : "Erdbeere",
            "pt" : "Morango"
        },
        "referenceMass" : "232 g",
        "density" : "232 g per 1 cup",
        "totalSaturatedFat" : "0 g",
        "totalMonounsaturatedFat" : "0.1 g",
        "totalPolyunsaturatedFat" : "0.4 g",
        "cholesterol" : "0 g",
        "sodium" : "2 mg",
        "totalCarbohydrates" : "18 g",
        "dietaryFiber" : "4.6 g",
        "sugar" : "16 g",
        "protein" : "1.6 g",
        "calcium" : "37.1 mg",
        "potassium" : "355 mg",
        "vitaminA" : "0.0166 mg",
        "vitaminC" : "136 mg",
        "iron" : "0.951 mg"
    },
    "carrot" : {
        "identifier" : "carrot",
        "localizedFoodItemNames" : {
            "en" : "Carrot",
            "de" : "Karotte",
            "pt" : "Cenoura"
        },
        "referenceMass" : "110 g",
        "density" : "110 g per 1 cup",
        "totalSaturatedFat" : "0 g",
        "totalMonounsaturatedFat" : "0 g",
        "totalPolyunsaturatedFat" : "0.1 g",
        "cholesterol" : "0 g",
        "sodium" : "76 mg",
        "totalCarbohydrates" : "11 g",
        "dietaryFiber" : "3.1 g",
        "sugar" : "5 g",
        "protein" : "1 g",
        "calcium" : "36.3 mg",
        "potassium" : "355 mg",
        "vitaminA" : "11.03 mg",
        "vitaminC" : "6.49 mg",
        "iron" : "0.33 mg"
    },
    "spinach" : {
        "identifier" : "spinach",
        "localizedFoodItemNames" : {
            "en" : "Spinach",
            "de" : "Spinat",
            "pt" : "Espinafre"
        },
        "referenceMass" : "30 g",
        "density" : "30 g per 1 cup",
        "totalSaturatedFat" : "0 g",
        "totalMonounsaturatedFat" : "0 g",
        "totalPolyunsaturatedFat" : "0 g",
        "cholesterol" : "0 g",
        "sodium" : "24 mg",
        "totalCarbohydrates" : "1.1 g",
        "dietaryFiber" : "0.7 g",
        "sugar" : "0.1 g",
        "protein" : "0.9 g",
        "calcium" : "29.7 mg",
        "potassium" : "355 mg",
        "vitaminA" : "1.67 mg",
        "vitaminC" : "8.43 mg",
        "iron" : "0.813 mg"
    },
    "orange" : {
        "identifier" : "orange",
        "localizedFoodItemNames" : {
            "en" : "Orange",
            "de" : "Orange",
            "pt" : "Laranja"
        },
        "referenceMass" : "248 g",
        "density" : "248 g per 1 cup",
        "totalSaturatedFat" : "0.1 g",
        "totalMonounsaturatedFat" : "0.1 g",
        "totalPolyunsaturatedFat" : "0.1 g",
        "cholesterol" : "0 g",
        "sodium" : "2 mg",
        "totalCarbohydrates" : "26 g",
        "dietaryFiber" : "0.5 g",
        "sugar" : "21 g",
        "protein" : "1.7 g",
        "calcium" : "115 mg",
        "potassium" : "496 mg",
        "vitaminA" : "0.388 mg",
        "vitaminC" : "153 mg",
        "iron" : "0.28 mg"
    },
    "raspberry" : {
        "identifier" : "raspberry",
        "localizedFoodItemNames" : {
            "en" : "Raspberry",
            "de" : "Himbeere",
            "pt" : "Framboesa"
        },
        "referenceMass" : "123 g",
        "density" : "123 g per 1 cup",
        "totalSaturatedFat" : "0 g",
        "totalMonounsaturatedFat" : "0.1 g",
        "totalPolyunsaturatedFat" : "0.5 g",
        "cholesterol" : "0 g",
        "sodium" : "1 mg",
        "totalCarbohydrates" : "15 g",
        "dietaryFiber" : "8 g",
        "sugar" : "5 g",
        "protein" : "1.5 g",
        "calcium" : "30.8 mg",
        "potassium" : "186 mg",
        "vitaminA" : "0.024 mg",
        "vitaminC" : "32.2 mg",
        "iron" : "0.849 mg"
    },
    "papaya" : {
        "identifier" : "papaya",
        "localizedFoodItemNames" : {
            "en" : "Papaya",
            "de" : "Papaya",
            "pt" : "Mamão"
        },
        "referenceMass" : "100 g",
        "density" : "230 g per 1 cup",
        "totalSaturatedFat" : "0 g",
        "totalMonounsaturatedFat" : "0.1 g",
        "totalPolyunsaturatedFat" : "0.1 g",
        "cholesterol" : "0 g",
        "sodium" : "8 mg",
        "totalCarbohydrates" : "10.8 g",
        "dietaryFiber" : "1.7 g",
        "sugar" : "7.8 g",
        "protein" : "0.47 g",
        "calcium" : "46 mg",
        "potassium" : "182 mg",
        "vitaminA" : "1.3 mg",
        "vitaminC" : "140 mg",
        "iron" : "0.575 mg"
    },
    "lemon" : {
        "identifier" : "lemon",
        "localizedFoodItemNames" : {
            "en" : "Lemon",
            "de" : "Zitrone",
            "pt" : "Limão"
        },
        "referenceMass" : "212 g",
        "density" : "212 g per 1 cup",
        "totalSaturatedFat" : "0.1 g",
        "totalMonounsaturatedFat" : "0 g",
        "totalPolyunsaturatedFat" : "0.2 g",
        "cholesterol" : "0 g",
        "sodium" : "4 mg",
        "totalCarbohydrates" : "20 g",
        "dietaryFiber" : "6 g",
        "sugar" : "5 g",
        "protein" : "2.3 g",
        "calcium" : "55.1 mg",
        "potassium" : "293 mg",
        "vitaminA" : "0.028 mg",
        "vitaminC" : "112 mg",
        "iron" : "1.27 mg"
    },
    "avocado" : {
        "identifier" : "avocado",
        "localizedFoodItemNames" : {
            "en" : "Avocado",
            "de" : "Avocado",
            "pt" : "Abacate"
        },
        "referenceMass" : "230 g",
        "density" : "230 g per 1 cup",
        "totalSaturatedFat" : "4.9 g",
        "totalMonounsaturatedFat" : "23 g",
        "totalPolyunsaturatedFat" : "4.2 g",
        "cholesterol" : "0 g",
        "sodium" : "16 mg",
        "totalCarbohydrates" : "20 g",
        "dietaryFiber" : "15 g",
        "sugar" : "1.5 g",
        "protein" : "4.6 g",
        "calcium" : "29.9 mg",
        "potassium" : "1116 mg",
        "vitaminA" : "0.2 mg",
        "vitaminC" : "20.2 mg",
        "iron" : "1.4 mg"
    },
    "almond-milk" : {
        "identifier" : "almond-milk",
        "localizedFoodItemNames" : {
            "en" : "Almond Milk",
            "de" : "Mandelmilch",
            "pt" : "Leite de Amêndoas"
        },
        "referenceMass" : "240 g",
        "density" : "240 g per 1 cup",
        "totalSaturatedFat" : "0 g",
        "totalMonounsaturatedFat" : "3 g",
        "totalPolyunsaturatedFat" : "1 g",
        "cholesterol" : "0 g",
        "sodium" : "220 mg",
        "totalCarbohydrates" : "1 g",
        "dietaryFiber" : "2 g",
        "sugar" : "0 g",
        "protein" : "10 g",
        "calcium" : "482 mg",
        "potassium" : "160 mg",
        "vitaminA" : "0 g",
        "vitaminC" : "0 mg",
        "iron" : "1 mg"
    }
}
